,Store Name,Store URL
0,Palo Alto,https://www.wholefoodsmarket.com/sales-flyer?store-id=10005
1,Berkeley,https://www.wholefoodsmarket.com/sales-flyer?store-id=10006
2,Chapel Hill,https://www.wholefoodsmarket.com/sales-flyer?store-id=10008
3,Mill Valley,https://www.wholefoodsmarket.com/sales-flyer?store-id=10009
4,Prospect Street,https://www.wholefoodsmarket.com/sales-flyer?store-id=10010
5,Hadley,https://www.wholefoodsmarket.com/sales-flyer?store-id=10012
6,Newton,https://www.wholefoodsmarket.com/sales-flyer?store-id=10013
7,Providence,https://www.wholefoodsmarket.com/sales-flyer?store-id=10014
8,Brighton,https://www.wholefoodsmarket.com/sales-flyer?store-id=10015
9,Raleigh,https://www.wholefoodsmarket.com/sales-flyer?store-id=10016
10,Beverly Hills,https://www.wholefoodsmarket.com/sales-flyer?store-id=10022
11,Redondo Beach,https://www.wholefoodsmarket.com/sales-flyer?store-id=10024
12,Fresh Pond,https://www.wholefoodsmarket.com/sales-flyer?store-id=10026
13,Los Gatos,https://www.wholefoodsmarket.com/sales-flyer?store-id=10027
14,River Forest,https://www.wholefoodsmarket.com/sales-flyer?store-id=10029
15,Plano,https://www.wholefoodsmarket.com/sales-flyer?store-id=10030
16,Symphony,https://www.wholefoodsmarket.com/sales-flyer?store-id=10031
17,Campbell,https://www.wholefoodsmarket.com/sales-flyer?store-id=10033
18,Gateway,https://www.wholefoodsmarket.com/sales-flyer?store-id=10036
19,Sherman Oaks West,https://www.wholefoodsmarket.com/sales-flyer?store-id=10038
20,Durham,https://www.wholefoodsmarket.com/sales-flyer?store-id=10041
21,Arlington VA,https://www.wholefoodsmarket.com/sales-flyer?store-id=10042
22,Madison,https://www.wholefoodsmarket.com/sales-flyer?store-id=10043
23,Franklin,https://www.wholefoodsmarket.com/sales-flyer?store-id=10044
24,West Los Angeles,https://www.wholefoodsmarket.com/sales-flyer?store-id=10045
25,Bethesda,https://www.wholefoodsmarket.com/sales-flyer?store-id=10048
26,Tysons,https://www.wholefoodsmarket.com/sales-flyer?store-id=10049
27,Devon,https://www.wholefoodsmarket.com/sales-flyer?store-id=10053
28,Springfield,https://www.wholefoodsmarket.com/sales-flyer?store-id=10056
29,Greenwich,https://www.wholefoodsmarket.com/sales-flyer?store-id=10057
30,Montclair,https://www.wholefoodsmarket.com/sales-flyer?store-id=10059
31,Reston,https://www.wholefoodsmarket.com/sales-flyer?store-id=10061
32,Tenleytown,https://www.wholefoodsmarket.com/sales-flyer?store-id=10062
33,Manhasset,https://www.wholefoodsmarket.com/sales-flyer?store-id=10063
34,Mt. Washington,https://www.wholefoodsmarket.com/sales-flyer?store-id=10064
35,Vienna,https://www.wholefoodsmarket.com/sales-flyer?store-id=10065
36,La Jolla,https://www.wholefoodsmarket.com/sales-flyer?store-id=10066
37,San Rafael,https://www.wholefoodsmarket.com/sales-flyer?store-id=10071
38,Hillcrest,https://www.wholefoodsmarket.com/sales-flyer?store-id=10072
39,Brentwood,https://www.wholefoodsmarket.com/sales-flyer?store-id=10074
40,Alamo Quarry,https://www.wholefoodsmarket.com/sales-flyer?store-id=10075
41,Downtown Evanston,https://www.wholefoodsmarket.com/sales-flyer?store-id=10076
42,Pearl,https://www.wholefoodsmarket.com/sales-flyer?store-id=10083
43,Marlton,https://www.wholefoodsmarket.com/sales-flyer?store-id=10086
44,Monterey,https://www.wholefoodsmarket.com/sales-flyer?store-id=10087
45,Coral Springs,https://www.wholefoodsmarket.com/sales-flyer?store-id=10088
46,Bedford,https://www.wholefoodsmarket.com/sales-flyer?store-id=10090
47,Bellingham,https://www.wholefoodsmarket.com/sales-flyer?store-id=10091
48,Newtonville,https://www.wholefoodsmarket.com/sales-flyer?store-id=10092
49,Cherry Creek,https://www.wholefoodsmarket.com/sales-flyer?store-id=10095
50,Aventura,https://www.wholefoodsmarket.com/sales-flyer?store-id=10096
51,Parkway,https://www.wholefoodsmarket.com/sales-flyer?store-id=10098
52,Woodland Hills,https://www.wholefoodsmarket.com/sales-flyer?store-id=10099
53,Jenkintown,https://www.wholefoodsmarket.com/sales-flyer?store-id=10100
54,Walnut Creek,https://www.wholefoodsmarket.com/sales-flyer?store-id=10101
55,Edgewater,https://www.wholefoodsmarket.com/sales-flyer?store-id=10102
56,Roosevelt Square,https://www.wholefoodsmarket.com/sales-flyer?store-id=10103
57,Santa Fe (Cerrillos),https://www.wholefoodsmarket.com/sales-flyer?store-id=10104
58,Torrance,https://www.wholefoodsmarket.com/sales-flyer?store-id=10105
59,Ridgewood,https://www.wholefoodsmarket.com/sales-flyer?store-id=10106
60,Gold Coast,https://www.wholefoodsmarket.com/sales-flyer?store-id=10107
61,Pasadena,https://www.wholefoodsmarket.com/sales-flyer?store-id=10108
62,West Hollywood,https://www.wholefoodsmarket.com/sales-flyer?store-id=10109
63,Winston-Salem,https://www.wholefoodsmarket.com/sales-flyer?store-id=10110
64,University,https://www.wholefoodsmarket.com/sales-flyer?store-id=10111
65,South Street,https://www.wholefoodsmarket.com/sales-flyer?store-id=10112
66,River Street,https://www.wholefoodsmarket.com/sales-flyer?store-id=10113
67,Kirby,https://www.wholefoodsmarket.com/sales-flyer?store-id=10115
68,Deerfield,https://www.wholefoodsmarket.com/sales-flyer?store-id=10116
69,Fort Lauderdale,https://www.wholefoodsmarket.com/sales-flyer?store-id=10117
70,Silver Spring,https://www.wholefoodsmarket.com/sales-flyer?store-id=10118
71,Uptown Minneapolis,https://www.wholefoodsmarket.com/sales-flyer?store-id=10119
72,West Bloomfield,https://www.wholefoodsmarket.com/sales-flyer?store-id=10120
73,Fresno,https://www.wholefoodsmarket.com/sales-flyer?store-id=10122
74,San Ramon,https://www.wholefoodsmarket.com/sales-flyer?store-id=10126
75,Naperville,https://www.wholefoodsmarket.com/sales-flyer?store-id=10129
76,Boca Raton,https://www.wholefoodsmarket.com/sales-flyer?store-id=10130
77,Chelsea,https://www.wholefoodsmarket.com/sales-flyer?store-id=10131
78,Cary,https://www.wholefoodsmarket.com/sales-flyer?store-id=10132
79,Bellaire,https://www.wholefoodsmarket.com/sales-flyer?store-id=10134
80,P Street,https://www.wholefoodsmarket.com/sales-flyer?store-id=10135
81,Sandy Springs,https://www.wholefoodsmarket.com/sales-flyer?store-id=10136
82,Sebastopol,https://www.wholefoodsmarket.com/sales-flyer?store-id=10137
83,Petaluma,https://www.wholefoodsmarket.com/sales-flyer?store-id=10138
84,Santa Rosa,https://www.wholefoodsmarket.com/sales-flyer?store-id=10139
85,Highland Park,https://www.wholefoodsmarket.com/sales-flyer?store-id=10140
86,Highlands Ranch,https://www.wholefoodsmarket.com/sales-flyer?store-id=10142
87,Arabella Station,https://www.wholefoodsmarket.com/sales-flyer?store-id=10143
88,Academy,https://www.wholefoodsmarket.com/sales-flyer?store-id=10144
89,Lamar,https://www.wholefoodsmarket.com/sales-flyer?store-id=10145
90,Pikes Peak,https://www.wholefoodsmarket.com/sales-flyer?store-id=10146
91,Fort Collins,https://www.wholefoodsmarket.com/sales-flyer?store-id=10147
92,Pearl District Portland,https://www.wholefoodsmarket.com/sales-flyer?store-id=10148
93,San Mateo,https://www.wholefoodsmarket.com/sales-flyer?store-id=10150
94,SoMa,https://www.wholefoodsmarket.com/sales-flyer?store-id=10151
95,Sacramento,https://www.wholefoodsmarket.com/sales-flyer?store-id=10152
96,Bellevue,https://www.wholefoodsmarket.com/sales-flyer?store-id=10153
97,Redwood City,https://www.wholefoodsmarket.com/sales-flyer?store-id=10154
98,Los Altos,https://www.wholefoodsmarket.com/sales-flyer?store-id=10155
99,Framingham,https://www.wholefoodsmarket.com/sales-flyer?store-id=10156
100,Rose City,https://www.wholefoodsmarket.com/sales-flyer?store-id=10157
101,Charles River Plaza,https://www.wholefoodsmarket.com/sales-flyer?store-id=10158
102,Hingham,https://www.wholefoodsmarket.com/sales-flyer?store-id=10159
103,Columbus Circle,https://www.wholefoodsmarket.com/sales-flyer?store-id=10160
104,Jericho,https://www.wholefoodsmarket.com/sales-flyer?store-id=10161
105,Union Square,https://www.wholefoodsmarket.com/sales-flyer?store-id=10162
106,White Plains,https://www.wholefoodsmarket.com/sales-flyer?store-id=10163
107,Galleria,https://www.wholefoodsmarket.com/sales-flyer?store-id=10166
108,Ann Arbor,https://www.wholefoodsmarket.com/sales-flyer?store-id=10167
109,Yorkville,https://www.wholefoodsmarket.com/sales-flyer?store-id=10168
110,Omaha,https://www.wholefoodsmarket.com/sales-flyer?store-id=10169
111,Sauganash,https://www.wholefoodsmarket.com/sales-flyer?store-id=10170
112,South Loop,https://www.wholefoodsmarket.com/sales-flyer?store-id=10171
113,Paradise Valley,https://www.wholefoodsmarket.com/sales-flyer?store-id=10172
114,23rd & Wilshire Blvd,https://www.wholefoodsmarket.com/sales-flyer?store-id=10173
115,Fort Apache,https://www.wholefoodsmarket.com/sales-flyer?store-id=10174
116,Westwood,https://www.wholefoodsmarket.com/sales-flyer?store-id=10176
117,3rd & Fairfax,https://www.wholefoodsmarket.com/sales-flyer?store-id=10177
118,Valencia,https://www.wholefoodsmarket.com/sales-flyer?store-id=10178
119,Glendale,https://www.wholefoodsmarket.com/sales-flyer?store-id=10179
120,Kentlands,https://www.wholefoodsmarket.com/sales-flyer?store-id=10180
121,Pittsburgh,https://www.wholefoodsmarket.com/sales-flyer?store-id=10181
122,Old Town,https://www.wholefoodsmarket.com/sales-flyer?store-id=10185
123,Louisville,https://www.wholefoodsmarket.com/sales-flyer?store-id=10186
124,Princeton,https://www.wholefoodsmarket.com/sales-flyer?store-id=10187
125,Palm Beach Gardens,https://www.wholefoodsmarket.com/sales-flyer?store-id=10188
126,Sarasota,https://www.wholefoodsmarket.com/sales-flyer?store-id=10189
127,Coral Gables,https://www.wholefoodsmarket.com/sales-flyer?store-id=10190
128,Downtown Miami,https://www.wholefoodsmarket.com/sales-flyer?store-id=10191
129,Naples,https://www.wholefoodsmarket.com/sales-flyer?store-id=10192
130,Pembroke Pines,https://www.wholefoodsmarket.com/sales-flyer?store-id=10193
131,Orlando,https://www.wholefoodsmarket.com/sales-flyer?store-id=10194
132,Wellington,https://www.wholefoodsmarket.com/sales-flyer?store-id=10195
133,Ponce de Leon,https://www.wholefoodsmarket.com/sales-flyer?store-id=10196
134,Milwaukee,https://www.wholefoodsmarket.com/sales-flyer?store-id=10197
135,Baton Rouge,https://www.wholefoodsmarket.com/sales-flyer?store-id=10198
136,Cedar Center,https://www.wholefoodsmarket.com/sales-flyer?store-id=10199
137,Charleston,https://www.wholefoodsmarket.com/sales-flyer?store-id=10201
138,Veterans,https://www.wholefoodsmarket.com/sales-flyer?store-id=10202
139,Halsted and Waveland,https://www.wholefoodsmarket.com/sales-flyer?store-id=10203
140,Thousand Oaks,https://www.wholefoodsmarket.com/sales-flyer?store-id=10204
141,Charlottesville,https://www.wholefoodsmarket.com/sales-flyer?store-id=10205
142,Buckhead,https://www.wholefoodsmarket.com/sales-flyer?store-id=10206
143,Tamarac,https://www.wholefoodsmarket.com/sales-flyer?store-id=10207
144,Mountain Brook,https://www.wholefoodsmarket.com/sales-flyer?store-id=10209
145,Friendship Heights,https://www.wholefoodsmarket.com/sales-flyer?store-id=10211
146,West Vancouver,https://www.wholefoodsmarket.com/sales-flyer?store-id=10212
147,Middletown,https://www.wholefoodsmarket.com/sales-flyer?store-id=10213
148,Columbus,https://www.wholefoodsmarket.com/sales-flyer?store-id=10214
149,Johns Creek,https://www.wholefoodsmarket.com/sales-flyer?store-id=10215
150,Westlake,https://www.wholefoodsmarket.com/sales-flyer?store-id=10216
151,West Hartford,https://www.wholefoodsmarket.com/sales-flyer?store-id=10217
152,Belmar,https://www.wholefoodsmarket.com/sales-flyer?store-id=10218
153,Henderson,https://www.wholefoodsmarket.com/sales-flyer?store-id=10219
154,Third and 3rd (Brooklyn),https://www.wholefoodsmarket.com/sales-flyer?store-id=10220
155,Oakland,https://www.wholefoodsmarket.com/sales-flyer?store-id=10221
156,Swampscott,https://www.wholefoodsmarket.com/sales-flyer?store-id=10222
157,Fair Lakes,https://www.wholefoodsmarket.com/sales-flyer?store-id=10223
158,Greenville,https://www.wholefoodsmarket.com/sales-flyer?store-id=10224
159,Plaza El Segundo,https://www.wholefoodsmarket.com/sales-flyer?store-id=10225
160,Oakville,https://www.wholefoodsmarket.com/sales-flyer?store-id=10226
161,Forest,https://www.wholefoodsmarket.com/sales-flyer?store-id=10227
162,Annapolis,https://www.wholefoodsmarket.com/sales-flyer?store-id=10228
163,Roseville,https://www.wholefoodsmarket.com/sales-flyer?store-id=10230
164,Jamboree,https://www.wholefoodsmarket.com/sales-flyer?store-id=10231
165,Woburn,https://www.wholefoodsmarket.com/sales-flyer?store-id=10233
166,Novato,https://www.wholefoodsmarket.com/sales-flyer?store-id=10234
167,Rockville,https://www.wholefoodsmarket.com/sales-flyer?store-id=10235
168,Bowery,https://www.wholefoodsmarket.com/sales-flyer?store-id=10236
169,Arroyo,https://www.wholefoodsmarket.com/sales-flyer?store-id=10237
170,Potrero Hill,https://www.wholefoodsmarket.com/sales-flyer?store-id=10238
171,Park Lane,https://www.wholefoodsmarket.com/sales-flyer?store-id=10239
172,Lake Grove,https://www.wholefoodsmarket.com/sales-flyer?store-id=10240
173,Green Hills,https://www.wholefoodsmarket.com/sales-flyer?store-id=10241
174,South Hills,https://www.wholefoodsmarket.com/sales-flyer?store-id=10242
175,Hollywood,https://www.wholefoodsmarket.com/sales-flyer?store-id=10243
176,Northbrook,https://www.wholefoodsmarket.com/sales-flyer?store-id=10244
177,Tribeca,https://www.wholefoodsmarket.com/sales-flyer?store-id=10245
178,Scottsdale,https://www.wholefoodsmarket.com/sales-flyer?store-id=10246
179,Cambie,https://www.wholefoodsmarket.com/sales-flyer?store-id=10248
180,Plymouth Meeting,https://www.wholefoodsmarket.com/sales-flyer?store-id=10249
181,Post Oak,https://www.wholefoodsmarket.com/sales-flyer?store-id=10251
182,Lincoln Park,https://www.wholefoodsmarket.com/sales-flyer?store-id=10252
183,Jacksonville,https://www.wholefoodsmarket.com/sales-flyer?store-id=10253
184,Garden City Center,https://www.wholefoodsmarket.com/sales-flyer?store-id=10254
185,Santa Barbara,https://www.wholefoodsmarket.com/sales-flyer?store-id=10255
186,Short Pump,https://www.wholefoodsmarket.com/sales-flyer?store-id=10257
187,Sugar Land,https://www.wholefoodsmarket.com/sales-flyer?store-id=10258
188,San Jose - on The Alameda,https://www.wholefoodsmarket.com/sales-flyer?store-id=10259
189,Redmond,https://www.wholefoodsmarket.com/sales-flyer?store-id=10260
190,West Orange,https://www.wholefoodsmarket.com/sales-flyer?store-id=10265
191,Bridgeport,https://www.wholefoodsmarket.com/sales-flyer?store-id=10266
192,Cupertino,https://www.wholefoodsmarket.com/sales-flyer?store-id=10267
193,Square One Mississauga,https://www.wholefoodsmarket.com/sales-flyer?store-id=10268
194,Chandler,https://www.wholefoodsmarket.com/sales-flyer?store-id=10272
195,SouthGlenn,https://www.wholefoodsmarket.com/sales-flyer?store-id=10273
196,Interbay,https://www.wholefoodsmarket.com/sales-flyer?store-id=10275
197,Schaumburg,https://www.wholefoodsmarket.com/sales-flyer?store-id=10276
198,Paramus,https://www.wholefoodsmarket.com/sales-flyer?store-id=10279
199,Trolley Square,https://www.wholefoodsmarket.com/sales-flyer?store-id=10280
200,Sonoma,https://www.wholefoodsmarket.com/sales-flyer?store-id=10281
201,Tarzana,https://www.wholefoodsmarket.com/sales-flyer?store-id=10282
202,Lakewood,https://www.wholefoodsmarket.com/sales-flyer?store-id=10283
203,Boise,https://www.wholefoodsmarket.com/sales-flyer?store-id=10284
204,South Beach,https://www.wholefoodsmarket.com/sales-flyer?store-id=10285
205,Las Vegas Blvd,https://www.wholefoodsmarket.com/sales-flyer?store-id=10286
206,Cincinnati,https://www.wholefoodsmarket.com/sales-flyer?store-id=10287
207,Napa,https://www.wholefoodsmarket.com/sales-flyer?store-id=10288
208,Yonge and Sheppard,https://www.wholefoodsmarket.com/sales-flyer?store-id=10289
209,Portland - Maine,https://www.wholefoodsmarket.com/sales-flyer?store-id=10291
210,Kildeer,https://www.wholefoodsmarket.com/sales-flyer?store-id=10292
211,Reno,https://www.wholefoodsmarket.com/sales-flyer?store-id=10293
212,Eugene,https://www.wholefoodsmarket.com/sales-flyer?store-id=10294
213,Roaring Fork,https://www.wholefoodsmarket.com/sales-flyer?store-id=10298
214,Tampa,https://www.wholefoodsmarket.com/sales-flyer?store-id=10299
215,Darien,https://www.wholefoodsmarket.com/sales-flyer?store-id=10300
216,Town and Country,https://www.wholefoodsmarket.com/sales-flyer?store-id=10303
217,Brookside,https://www.wholefoodsmarket.com/sales-flyer?store-id=10304
218,Lansdowne Park,https://www.wholefoodsmarket.com/sales-flyer?store-id=10310
219,Victoria,https://www.wholefoodsmarket.com/sales-flyer?store-id=10311
220,Millburn - Union,https://www.wholefoodsmarket.com/sales-flyer?store-id=10312
221,Cranbrook,https://www.wholefoodsmarket.com/sales-flyer?store-id=10315
222,Domain,https://www.wholefoodsmarket.com/sales-flyer?store-id=10316
223,Fairfield,https://www.wholefoodsmarket.com/sales-flyer?store-id=10317
224,Oxnard,https://www.wholefoodsmarket.com/sales-flyer?store-id=10318
225,Dedham,https://www.wholefoodsmarket.com/sales-flyer?store-id=10319
226,Blossom Hill,https://www.wholefoodsmarket.com/sales-flyer?store-id=10320
227,McEwen,https://www.wholefoodsmarket.com/sales-flyer?store-id=10321
228,Tanasbourne,https://www.wholefoodsmarket.com/sales-flyer?store-id=10327
229,Upper West Side,https://www.wholefoodsmarket.com/sales-flyer?store-id=10328
230,Santa Cruz,https://www.wholefoodsmarket.com/sales-flyer?store-id=10329
231,Rochester Hills,https://www.wholefoodsmarket.com/sales-flyer?store-id=10330
232,Colorado Blvd,https://www.wholefoodsmarket.com/sales-flyer?store-id=10331
233,Fort Worth,https://www.wholefoodsmarket.com/sales-flyer?store-id=10332
234,Venice,https://www.wholefoodsmarket.com/sales-flyer?store-id=10333
235,Glastonbury,https://www.wholefoodsmarket.com/sales-flyer?store-id=10336
236,Blithedale,https://www.wholefoodsmarket.com/sales-flyer?store-id=10337
237,North Raleigh,https://www.wholefoodsmarket.com/sales-flyer?store-id=10338
238,Carrollwood,https://www.wholefoodsmarket.com/sales-flyer?store-id=10339
239,Mason,https://www.wholefoodsmarket.com/sales-flyer?store-id=10340
240,Merchants Walk,https://www.wholefoodsmarket.com/sales-flyer?store-id=10342
241,Yonkers,https://www.wholefoodsmarket.com/sales-flyer?store-id=10343
242,Hennepin,https://www.wholefoodsmarket.com/sales-flyer?store-id=10345
243,Montrose,https://www.wholefoodsmarket.com/sales-flyer?store-id=10346
244,Tempe,https://www.wholefoodsmarket.com/sales-flyer?store-id=10347
245,Kitsilano,https://www.wholefoodsmarket.com/sales-flyer?store-id=10348
246,Lafayette,https://www.wholefoodsmarket.com/sales-flyer?store-id=10349
247,Colfax,https://www.wholefoodsmarket.com/sales-flyer?store-id=10350
248,Asheville,https://www.wholefoodsmarket.com/sales-flyer?store-id=10351
249,Pompano Beach,https://www.wholefoodsmarket.com/sales-flyer?store-id=10352
250,Glen Mills,https://www.wholefoodsmarket.com/sales-flyer?store-id=10353
251,Westport,https://www.wholefoodsmarket.com/sales-flyer?store-id=10355
252,Fairview,https://www.wholefoodsmarket.com/sales-flyer?store-id=10358
253,Palm Desert,https://www.wholefoodsmarket.com/sales-flyer?store-id=10359
254,Robson,https://www.wholefoodsmarket.com/sales-flyer?store-id=10360
255,Haight Street,https://www.wholefoodsmarket.com/sales-flyer?store-id=10362
256,Honolulu (Kahala Mall),https://www.wholefoodsmarket.com/sales-flyer?store-id=10363
257,Hinsdale,https://www.wholefoodsmarket.com/sales-flyer?store-id=10364
258,Capitola,https://www.wholefoodsmarket.com/sales-flyer?store-id=10365
259,Bishops Corner,https://www.wholefoodsmarket.com/sales-flyer?store-id=10366
260,Kailua,https://www.wholefoodsmarket.com/sales-flyer?store-id=10368
261,Coddingtown,https://www.wholefoodsmarket.com/sales-flyer?store-id=10370
262,Andover,https://www.wholefoodsmarket.com/sales-flyer?store-id=10371
263,Washington Park,https://www.wholefoodsmarket.com/sales-flyer?store-id=10373
264,Maui,https://www.wholefoodsmarket.com/sales-flyer?store-id=10374
265,Fremont - Oregon,https://www.wholefoodsmarket.com/sales-flyer?store-id=10375
266,Oklahoma City,https://www.wholefoodsmarket.com/sales-flyer?store-id=10376
267,Wexford,https://www.wholefoodsmarket.com/sales-flyer?store-id=10377
268,Eighty-Sixth St.,https://www.wholefoodsmarket.com/sales-flyer?store-id=10378
269,Noe Valley,https://www.wholefoodsmarket.com/sales-flyer?store-id=10379
270,Medford,https://www.wholefoodsmarket.com/sales-flyer?store-id=10380
271,Closter,https://www.wholefoodsmarket.com/sales-flyer?store-id=10381
272,Arbor Trails,https://www.wholefoodsmarket.com/sales-flyer?store-id=10384
273,Upper Arlington,https://www.wholefoodsmarket.com/sales-flyer?store-id=10385
274,Milford,https://www.wholefoodsmarket.com/sales-flyer?store-id=10389
275,Bee Cave,https://www.wholefoodsmarket.com/sales-flyer?store-id=10393
276,2001 Market Street,https://www.wholefoodsmarket.com/sales-flyer?store-id=10396
277,Montana Avenue,https://www.wholefoodsmarket.com/sales-flyer?store-id=10398
278,Huntington Beach,https://www.wholefoodsmarket.com/sales-flyer?store-id=10399
279,Laurelhurst,https://www.wholefoodsmarket.com/sales-flyer?store-id=10402
280,Carmel,https://www.wholefoodsmarket.com/sales-flyer?store-id=10404
281,Laguna Beach,https://www.wholefoodsmarket.com/sales-flyer?store-id=10406
282,Bend,https://www.wholefoodsmarket.com/sales-flyer?store-id=10407
283,Midtown East (E 57th St),https://www.wholefoodsmarket.com/sales-flyer?store-id=10408
284,Chattanooga,https://www.wholefoodsmarket.com/sales-flyer?store-id=10409
285,Overland Park,https://www.wholefoodsmarket.com/sales-flyer?store-id=10410
286,Wellesley,https://www.wholefoodsmarket.com/sales-flyer?store-id=10413
287,Foggy Bottom,https://www.wholefoodsmarket.com/sales-flyer?store-id=10414
288,Sugar House,https://www.wholefoodsmarket.com/sales-flyer?store-id=10415
289,Edina,https://www.wholefoodsmarket.com/sales-flyer?store-id=10419
290,Indian School Plaza,https://www.wholefoodsmarket.com/sales-flyer?store-id=10420
291,Minnetonka,https://www.wholefoodsmarket.com/sales-flyer?store-id=10422
292,Ideal Market Boulder,https://www.wholefoodsmarket.com/sales-flyer?store-id=10423
293,Tenaya,https://www.wholefoodsmarket.com/sales-flyer?store-id=10424
294,Greensboro Friendly,https://www.wholefoodsmarket.com/sales-flyer?store-id=10426
295,Cottonwood Heights,https://www.wholefoodsmarket.com/sales-flyer?store-id=10430
296,Ocean,https://www.wholefoodsmarket.com/sales-flyer?store-id=10432
297,Del Mar,https://www.wholefoodsmarket.com/sales-flyer?store-id=10434
298,Lynnwood,https://www.wholefoodsmarket.com/sales-flyer?store-id=10436
299,Laguna Niguel,https://www.wholefoodsmarket.com/sales-flyer?store-id=10437
300,Jamaica Plain,https://www.wholefoodsmarket.com/sales-flyer?store-id=10438
301,Speedway,https://www.wholefoodsmarket.com/sales-flyer?store-id=10439
302,Malibu,https://www.wholefoodsmarket.com/sales-flyer?store-id=10441
303,Charlotte,https://www.wholefoodsmarket.com/sales-flyer?store-id=10443
304,Vineyard,https://www.wholefoodsmarket.com/sales-flyer?store-id=10444
305,Superior,https://www.wholefoodsmarket.com/sales-flyer?store-id=10445
306,Folsom,https://www.wholefoodsmarket.com/sales-flyer?store-id=10447
307,Marlboro,https://www.wholefoodsmarket.com/sales-flyer?store-id=10451
308,Lynnfield,https://www.wholefoodsmarket.com/sales-flyer?store-id=10452
309,Wilmington,https://www.wholefoodsmarket.com/sales-flyer?store-id=10453
310,Danbury,https://www.wholefoodsmarket.com/sales-flyer?store-id=10455
311,Unionville,https://www.wholefoodsmarket.com/sales-flyer?store-id=10456
312,Kansas City,https://www.wholefoodsmarket.com/sales-flyer?store-id=10457
313,Hyde Park,https://www.wholefoodsmarket.com/sales-flyer?store-id=10458
314,Castle Rock,https://www.wholefoodsmarket.com/sales-flyer?store-id=10459
315,West Des Moines,https://www.wholefoodsmarket.com/sales-flyer?store-id=10460
316,Knoxville,https://www.wholefoodsmarket.com/sales-flyer?store-id=10461
317,Nashua,https://www.wholefoodsmarket.com/sales-flyer?store-id=10462
318,Riverdale Park,https://www.wholefoodsmarket.com/sales-flyer?store-id=10463
319,Columbia,https://www.wholefoodsmarket.com/sales-flyer?store-id=10464
320,Detroit,https://www.wholefoodsmarket.com/sales-flyer?store-id=10465
321,Virginia Beach,https://www.wholefoodsmarket.com/sales-flyer?store-id=10466
322,Fremont - California,https://www.wholefoodsmarket.com/sales-flyer?store-id=10467
323,Newport Beach,https://www.wholefoodsmarket.com/sales-flyer?store-id=10468
324,Oracle,https://www.wholefoodsmarket.com/sales-flyer?store-id=10469
325,Frisco,https://www.wholefoodsmarket.com/sales-flyer?store-id=10470
326,Governor's Ranch,https://www.wholefoodsmarket.com/sales-flyer?store-id=10471
327,Yale,https://www.wholefoodsmarket.com/sales-flyer?store-id=10472
328,Addison,https://www.wholefoodsmarket.com/sales-flyer?store-id=10473
329,Katy,https://www.wholefoodsmarket.com/sales-flyer?store-id=10474
330,River Road,https://www.wholefoodsmarket.com/sales-flyer?store-id=10475
331,Camelback,https://www.wholefoodsmarket.com/sales-flyer?store-id=10476
332,North Miami,https://www.wholefoodsmarket.com/sales-flyer?store-id=10477
333,Tallahassee,https://www.wholefoodsmarket.com/sales-flyer?store-id=10478
334,Poplar Avenue,https://www.wholefoodsmarket.com/sales-flyer?store-id=10480
335,Orland Park,https://www.wholefoodsmarket.com/sales-flyer?store-id=10481
336,Mishawaka,https://www.wholefoodsmarket.com/sales-flyer?store-id=10482
337,Port Chester,https://www.wholefoodsmarket.com/sales-flyer?store-id=10483
338,Rocky River,https://www.wholefoodsmarket.com/sales-flyer?store-id=10484
339,Jackson,https://www.wholefoodsmarket.com/sales-flyer?store-id=10486
340,Williamsburg,https://www.wholefoodsmarket.com/sales-flyer?store-id=10487
341,Avalon,https://www.wholefoodsmarket.com/sales-flyer?store-id=10488
342,Savannah,https://www.wholefoodsmarket.com/sales-flyer?store-id=10489
343,Maple Grove,https://www.wholefoodsmarket.com/sales-flyer?store-id=10490
344,Albany,https://www.wholefoodsmarket.com/sales-flyer?store-id=10492
345,Lincoln,https://www.wholefoodsmarket.com/sales-flyer?store-id=10493
346,North Burnaby,https://www.wholefoodsmarket.com/sales-flyer?store-id=10494
347,Park Ridge,https://www.wholefoodsmarket.com/sales-flyer?store-id=10495
348,Wynnewood,https://www.wholefoodsmarket.com/sales-flyer?store-id=10496
349,Champions,https://www.wholefoodsmarket.com/sales-flyer?store-id=10497
350,Highland Village,https://www.wholefoodsmarket.com/sales-flyer?store-id=10498
351,Columbia - Maryland,https://www.wholefoodsmarket.com/sales-flyer?store-id=10499
352,Leaside,https://www.wholefoodsmarket.com/sales-flyer?store-id=10500
353,Parsippany,https://www.wholefoodsmarket.com/sales-flyer?store-id=10501
354,Wichita,https://www.wholefoodsmarket.com/sales-flyer?store-id=10504
355,Uptown Dallas,https://www.wholefoodsmarket.com/sales-flyer?store-id=10505
356,South Weymouth,https://www.wholefoodsmarket.com/sales-flyer?store-id=10506
357,Arlington MA,https://www.wholefoodsmarket.com/sales-flyer?store-id=10507
358,Brookline,https://www.wholefoodsmarket.com/sales-flyer?store-id=10508
359,Charlestown,https://www.wholefoodsmarket.com/sales-flyer?store-id=10509
360,Melrose,https://www.wholefoodsmarket.com/sales-flyer?store-id=10510
361,Somerville,https://www.wholefoodsmarket.com/sales-flyer?store-id=10511
362,Hyannis,https://www.wholefoodsmarket.com/sales-flyer?store-id=10512
363,South End,https://www.wholefoodsmarket.com/sales-flyer?store-id=10513
364,Philly Center City,https://www.wholefoodsmarket.com/sales-flyer?store-id=10514
365,Clearwater,https://www.wholefoodsmarket.com/sales-flyer?store-id=10515
366,Altamonte Springs,https://www.wholefoodsmarket.com/sales-flyer?store-id=10516
367,Harlem,https://www.wholefoodsmarket.com/sales-flyer?store-id=10517
368,Upper East Side,https://www.wholefoodsmarket.com/sales-flyer?store-id=10518
369,Morristown,https://www.wholefoodsmarket.com/sales-flyer?store-id=10519
370,East Asheville,https://www.wholefoodsmarket.com/sales-flyer?store-id=10520
371,Mobile,https://www.wholefoodsmarket.com/sales-flyer?store-id=10521
372,Broad Street,https://www.wholefoodsmarket.com/sales-flyer?store-id=10522
373,Colleyville,https://www.wholefoodsmarket.com/sales-flyer?store-id=10523
374,West Seattle,https://www.wholefoodsmarket.com/sales-flyer?store-id=10524
375,Newport News,https://www.wholefoodsmarket.com/sales-flyer?store-id=10525
376,Cherry Hill,https://www.wholefoodsmarket.com/sales-flyer?store-id=10526
377,Ambassador Caffery,https://www.wholefoodsmarket.com/sales-flyer?store-id=10528
378,West Palm Beach,https://www.wholefoodsmarket.com/sales-flyer?store-id=10529
379,Gilman,https://www.wholefoodsmarket.com/sales-flyer?store-id=10530
380,Pentagon City,https://www.wholefoodsmarket.com/sales-flyer?store-id=10531
381,Ashburn,https://www.wholefoodsmarket.com/sales-flyer?store-id=10534
382,Central West End,https://www.wholefoodsmarket.com/sales-flyer?store-id=10535
383,Playa Vista,https://www.wholefoodsmarket.com/sales-flyer?store-id=10536
384,Greenway,https://www.wholefoodsmarket.com/sales-flyer?store-id=10537
385,Olathe,https://www.wholefoodsmarket.com/sales-flyer?store-id=10538
386,East Lansing,https://www.wholefoodsmarket.com/sales-flyer?store-id=10541
387,St Paul,https://www.wholefoodsmarket.com/sales-flyer?store-id=10542
388,Lake Norman,https://www.wholefoodsmarket.com/sales-flyer?store-id=10543
389,Burbank,https://www.wholefoodsmarket.com/sales-flyer?store-id=10545
390,Downtown Los Angeles,https://www.wholefoodsmarket.com/sales-flyer?store-id=10546
391,Dublin CA,https://www.wholefoodsmarket.com/sales-flyer?store-id=10547
392,Ygnacio Valley Road,https://www.wholefoodsmarket.com/sales-flyer?store-id=10548
393,Davie,https://www.wholefoodsmarket.com/sales-flyer?store-id=10549
394,Bowman,https://www.wholefoodsmarket.com/sales-flyer?store-id=10551
395,Voss,https://www.wholefoodsmarket.com/sales-flyer?store-id=10552
396,Longmont,https://www.wholefoodsmarket.com/sales-flyer?store-id=10554
397,Easton,https://www.wholefoodsmarket.com/sales-flyer?store-id=10555
398,Bradburn,https://www.wholefoodsmarket.com/sales-flyer?store-id=10556
399,Englewood,https://www.wholefoodsmarket.com/sales-flyer?store-id=10557
400,Dayton,https://www.wholefoodsmarket.com/sales-flyer?store-id=10558
401,Newark,https://www.wholefoodsmarket.com/sales-flyer?store-id=10559
402,Hilton Head Island,https://www.wholefoodsmarket.com/sales-flyer?store-id=10561
403,Germantown,https://www.wholefoodsmarket.com/sales-flyer?store-id=10562
404,South Capitol Hill,https://www.wholefoodsmarket.com/sales-flyer?store-id=10563
405,H Street,https://www.wholefoodsmarket.com/sales-flyer?store-id=10565
406,Allentown,https://www.wholefoodsmarket.com/sales-flyer?store-id=10566
407,DePaul,https://www.wholefoodsmarket.com/sales-flyer?store-id=10567
408,Chicago Edgewater,https://www.wholefoodsmarket.com/sales-flyer?store-id=10568
409,Elmhurst,https://www.wholefoodsmarket.com/sales-flyer?store-id=10569
410,Green Bay Road,https://www.wholefoodsmarket.com/sales-flyer?store-id=10570
411,Streeterville,https://www.wholefoodsmarket.com/sales-flyer?store-id=10571
412,West Loop,https://www.wholefoodsmarket.com/sales-flyer?store-id=10572
413,Willowbrook,https://www.wholefoodsmarket.com/sales-flyer?store-id=10573
414,The Woodlands,https://www.wholefoodsmarket.com/sales-flyer?store-id=10574
415,Shreveport,https://www.wholefoodsmarket.com/sales-flyer?store-id=10575
416,Clark,https://www.wholefoodsmarket.com/sales-flyer?store-id=10576
417,Lexington,https://www.wholefoodsmarket.com/sales-flyer?store-id=10577
418,Bryant Park,https://www.wholefoodsmarket.com/sales-flyer?store-id=10578
419,Winter Park North,https://www.wholefoodsmarket.com/sales-flyer?store-id=10580
420,Flagstaff,https://www.wholefoodsmarket.com/sales-flyer?store-id=10581
421,Sedona,https://www.wholefoodsmarket.com/sales-flyer?store-id=10583
422,San Luis Obispo,https://www.wholefoodsmarket.com/sales-flyer?store-id=10584
423,Schererville,https://www.wholefoodsmarket.com/sales-flyer?store-id=10585
424,Wauwatosa,https://www.wholefoodsmarket.com/sales-flyer?store-id=10586
425,Spring Lake Wall,https://www.wholefoodsmarket.com/sales-flyer?store-id=10587
426,Chambers Bay,https://www.wholefoodsmarket.com/sales-flyer?store-id=10588
427,North Vancouver,https://www.wholefoodsmarket.com/sales-flyer?store-id=10589
428,Kennesaw,https://www.wholefoodsmarket.com/sales-flyer?store-id=10590
429,Huntsville,https://www.wholefoodsmarket.com/sales-flyer?store-id=10591
430,Waverly,https://www.wholefoodsmarket.com/sales-flyer?store-id=10592
431,Brea,https://www.wholefoodsmarket.com/sales-flyer?store-id=10594
432,Fayetteville,https://www.wholefoodsmarket.com/sales-flyer?store-id=10596
433,Market Square,https://www.wholefoodsmarket.com/sales-flyer?store-id=10597
434,Richmond VA,https://www.wholefoodsmarket.com/sales-flyer?store-id=10598
435,Spring House,https://www.wholefoodsmarket.com/sales-flyer?store-id=10599
436,Chappaqua,https://www.wholefoodsmarket.com/sales-flyer?store-id=10600
437,Buffalo,https://www.wholefoodsmarket.com/sales-flyer?store-id=10601
438,Metuchen,https://www.wholefoodsmarket.com/sales-flyer?store-id=10602
439,Montgomery,https://www.wholefoodsmarket.com/sales-flyer?store-id=10610
440,West Cary,https://www.wholefoodsmarket.com/sales-flyer?store-id=10611
441,Westchase,https://www.wholefoodsmarket.com/sales-flyer?store-id=10612
442,Cityline,https://www.wholefoodsmarket.com/sales-flyer?store-id=10613
443,Irvine,https://www.wholefoodsmarket.com/sales-flyer?store-id=10614
444,Queen,https://www.wholefoodsmarket.com/sales-flyer?store-id=10615
445,Bedford New Hampshire,https://www.wholefoodsmarket.com/sales-flyer?store-id=10617
446,Beverly,https://www.wholefoodsmarket.com/sales-flyer?store-id=10618
447,Shrewsbury,https://www.wholefoodsmarket.com/sales-flyer?store-id=10619
448,Westford,https://www.wholefoodsmarket.com/sales-flyer?store-id=10620
449,Destin,https://www.wholefoodsmarket.com/sales-flyer?store-id=10621
450,El Paso,https://www.wholefoodsmarket.com/sales-flyer?store-id=10622
451,Lancaster,https://www.wholefoodsmarket.com/sales-flyer?store-id=10624
452,Newtown,https://www.wholefoodsmarket.com/sales-flyer?store-id=10625
453,Union Station,https://www.wholefoodsmarket.com/sales-flyer?store-id=10626
454,Las Colinas,https://www.wholefoodsmarket.com/sales-flyer?store-id=10627
455,Woodbury,https://www.wholefoodsmarket.com/sales-flyer?store-id=10628
456,Madison Broadway,https://www.wholefoodsmarket.com/sales-flyer?store-id=10630
457,Mandeville,https://www.wholefoodsmarket.com/sales-flyer?store-id=10631
458,Santa Clara,https://www.wholefoodsmarket.com/sales-flyer?store-id=10633
459,Bellingham Lakeway,https://www.wholefoodsmarket.com/sales-flyer?store-id=10637
460,Harbor East,https://www.wholefoodsmarket.com/sales-flyer?store-id=10638
461,Bridgewater,https://www.wholefoodsmarket.com/sales-flyer?store-id=10639
462,Birmingham,https://www.wholefoodsmarket.com/sales-flyer?store-id=10641
463,University Station,https://www.wholefoodsmarket.com/sales-flyer?store-id=10642
464,Lakeview,https://www.wholefoodsmarket.com/sales-flyer?store-id=10643
465,Uptown Charlotte,https://www.wholefoodsmarket.com/sales-flyer?store-id=10644
466,Midtown Houston,https://www.wholefoodsmarket.com/sales-flyer?store-id=10645
467,Canyon Corners,https://www.wholefoodsmarket.com/sales-flyer?store-id=10646
468,Tysons Corner,https://www.wholefoodsmarket.com/sales-flyer?store-id=10647
469,Jacksonville Beach,https://www.wholefoodsmarket.com/sales-flyer?store-id=10648
470,Chamblee,https://www.wholefoodsmarket.com/sales-flyer?store-id=10649
471,Midtown Atlanta,https://www.wholefoodsmarket.com/sales-flyer?store-id=10650
472,Florida Avenue,https://www.wholefoodsmarket.com/sales-flyer?store-id=10651
473,Independence Heights,https://www.wholefoodsmarket.com/sales-flyer?store-id=10652
474,Santa Monica Pico,https://www.wholefoodsmarket.com/sales-flyer?store-id=10653
475,Lake Oswego,https://www.wholefoodsmarket.com/sales-flyer?store-id=10654
476,Kirkland,https://www.wholefoodsmarket.com/sales-flyer?store-id=10655
477,Silver Lake,https://www.wholefoodsmarket.com/sales-flyer?store-id=10658
478,Exton,https://www.wholefoodsmarket.com/sales-flyer?store-id=10660
479,Wheaton,https://www.wholefoodsmarket.com/sales-flyer?store-id=10661
480,Orange Village,https://www.wholefoodsmarket.com/sales-flyer?store-id=10664
481,Cedar Park,https://www.wholefoodsmarket.com/sales-flyer?store-id=10665
482,Kenwood,https://www.wholefoodsmarket.com/sales-flyer?store-id=10666
483,Fort Myers,https://www.wholefoodsmarket.com/sales-flyer?store-id=10669
484,Sherman Oaks,https://www.wholefoodsmarket.com/sales-flyer?store-id=10671
485,Toledo,https://www.wholefoodsmarket.com/sales-flyer?store-id=10672
486,Akron,https://www.wholefoodsmarket.com/sales-flyer?store-id=10673
487,Upland,https://www.wholefoodsmarket.com/sales-flyer?store-id=10676
488,Concord,https://www.wholefoodsmarket.com/sales-flyer?store-id=10677
489,Vernon Hills,https://www.wholefoodsmarket.com/sales-flyer?store-id=10680
490,Dadeland,https://www.wholefoodsmarket.com/sales-flyer?store-id=10682
491,Commack,https://www.wholefoodsmarket.com/sales-flyer?store-id=10683
492,Nashville Downtown,https://www.wholefoodsmarket.com/sales-flyer?store-id=10685
493,Decatur,https://www.wholefoodsmarket.com/sales-flyer?store-id=10687
494,Long Beach Lakewood,https://www.wholefoodsmarket.com/sales-flyer?store-id=10688
495,Sudbury,https://www.wholefoodsmarket.com/sales-flyer?store-id=10691
496,Porter Ranch,https://www.wholefoodsmarket.com/sales-flyer?store-id=10695
497,Northside Buckhead,https://www.wholefoodsmarket.com/sales-flyer?store-id=10697
498,West Ashley,https://www.wholefoodsmarket.com/sales-flyer?store-id=10698
499,Long Beach,https://www.wholefoodsmarket.com/sales-flyer?store-id=10701
500,South Lake Tahoe,https://www.wholefoodsmarket.com/sales-flyer?store-id=10703
501,Gainesville,https://www.wholefoodsmarket.com/sales-flyer?store-id=10704
502,Westbury,https://www.wholefoodsmarket.com/sales-flyer?store-id=10706
503,Sunnyvale,https://www.wholefoodsmarket.com/sales-flyer?store-id=10707
504,Fort Greene,https://www.wholefoodsmarket.com/sales-flyer?store-id=10709
505,Weehawken,https://www.wholefoodsmarket.com/sales-flyer?store-id=10711
